文件,原因,内容预览
D:\BaiduSyncdisk\【郑商所课题】历年归档\【结项归档】2021_中华棉_棉花非标仓单业务方案研究\2020大连商品交易所非标仓单业务管理办法.pdf,未命中规则,大连商品交易所非标仓单业务管理办法
D:\BaiduSyncdisk\【郑商所课题】历年归档\【结项归档】2021_中华棉_棉花非标仓单业务方案研究\2020大连商品交易所非标仓单业务管理办法.pdf,[WinError 3] 系统找不到指定的路径。,大连商品交易所非标仓单业务管理办法
D:\BaiduSyncdisk\【郑商所课题】历年归档\【结项归档】2021_中华棉_棉花非标仓单业务方案研究\2021108•中国棉花产业发展研究报告(2019年）.docx,[WinError 3] 系统找不到指定的路径。,108•	中国棉花产业发展研究报告( 2019 年）
D:\BaiduSyncdisk\【郑商所课题】历年归档\【结项归档】2021_中华棉_棉花非标仓单业务方案研究\202120210409_融资担保品第三方管理的法律问题.pdf,未命中规则,FINANCIAL LAW_ FORUM 金融法苑
D:\BaiduSyncdisk\【郑商所课题】历年归档\【结项归档】2021_中华棉_棉花非标仓单业务方案研究\202120210409_融资担保品第三方管理的法律问题.pdf,[WinError 3] 系统找不到指定的路径。,FINANCIAL LAW_ FORUM 金融法苑
D:\BaiduSyncdisk\【郑商所课题】历年归档\【结项归档】2021_中华棉_棉花非标仓单业务方案研究\202120210802新建 Microsoft Word 文档.docx,未命中规则,未命名
D:\BaiduSyncdisk\【郑商所课题】历年归档\【结项归档】2021_中华棉_棉花非标仓单业务方案研究\202120210802新建 Microsoft Word 文档.docx,[WinError 3] 系统找不到指定的路径。,未命名
D:\BaiduSyncdisk\【郑商所课题】历年归档\【结项归档】2021_中华棉_棉花非标仓单业务方案研究\2021202112232021122320211223评审表 棉花非标仓单业务方案研究.pdf,未命中规则,课题结项评审表
D:\BaiduSyncdisk\【郑商所课题】历年归档\【结项归档】2021_中华棉_棉花非标仓单业务方案研究\2021202112232021122320211223评审表 棉花非标仓单业务方案研究.pdf,[WinError 3] 系统找不到指定的路径。,课题结项评审表
D:\BaiduSyncdisk\【郑商所课题】历年归档\【结项归档】2021_中华棉_棉花非标仓单业务方案研究\20212、仓单相关.pdf,未命中规则,2、仓单相关
D:\BaiduSyncdisk\【郑商所课题】历年归档\【结项归档】2021_中华棉_棉花非标仓单业务方案研究\20212、仓单相关.pdf,[WinError 3] 系统找不到指定的路径。,2、仓单相关
D:\BaiduSyncdisk\【郑商所课题】历年归档\【结项归档】2021_中华棉_棉花非标仓单业务方案研究\2021DOI10.16224j.cnki.cn33-1343d.2.pdf,未命中规则,DOI:10.16224/j.cnki.cn33-1343/d.2020.01.001
D:\BaiduSyncdisk\【郑商所课题】历年归档\【结项归档】2021_中华棉_棉花非标仓单业务方案研究\2021DOI10.16224j.cnki.cn33-1343d.2.pdf,[WinError 3] 系统找不到指定的路径。,DOI:10.16224/j.cnki.cn33-1343/d.2020.01.001
D:\BaiduSyncdisk\【郑商所课题】历年归档\【结项归档】2021_中华棉_棉花非标仓单业务方案研究\2021ICS35.240.99.pdf,未命中规则,ICS 35. 240. 99
D:\BaiduSyncdisk\【郑商所课题】历年归档\【结项归档】2021_中华棉_棉花非标仓单业务方案研究\2021ICS35.240.99.pdf,[WinError 3] 系统找不到指定的路径。,ICS 35. 240. 99
D:\BaiduSyncdisk\【郑商所课题】历年归档\【结项归档】2021_中华棉_棉花非标仓单业务方案研究\2021“场内交易，场外交收”非标仓单交易模式的研究.docx,未命中规则,关于“场内交易，场外交收”非标仓单交易模式的研究
D:\BaiduSyncdisk\【郑商所课题】历年归档\【结项归档】2021_中华棉_棉花非标仓单业务方案研究\2021“场内交易，场外交收”非标仓单交易模式的研究.docx,[WinError 3] 系统找不到指定的路径。,关于“场内交易，场外交收”非标仓单交易模式的研究
D:\BaiduSyncdisk\【郑商所课题】历年归档\【结项归档】2021_中华棉_棉花非标仓单业务方案研究\2021《动产和权利担保统一登记办法（修订征求意见稿）》修订说明.docx,[WinError 3] 系统找不到指定的路径。,《动产和权利担保统一登记办法（修订征求意见稿）》修订说明
D:\BaiduSyncdisk\【郑商所课题】历年归档\【结项归档】2021_中华棉_棉花非标仓单业务方案研究\2021一、中粮与交易所已开展的合作及成效.docx,[WinError 3] 系统找不到指定的路径。,一、中粮与交易所已开展的合作及成效
D:\BaiduSyncdisk\【郑商所课题】历年归档\【结项归档】2021_中华棉_棉花非标仓单业务方案研究\2021上期所“境内交割+境外提货”与中华.pdf,未命中规则,关于上期所“境内交割+境外提货”与中华
D:\BaiduSyncdisk\【郑商所课题】历年归档\【结项归档】2021_中华棉_棉花非标仓单业务方案研究\2021上期所“境内交割+境外提货”与中华.pdf,[WinError 3] 系统找不到指定的路径。,关于上期所“境内交割+境外提货”与中华
D:\BaiduSyncdisk\【郑商所课题】历年归档\【结项归档】2021_中华棉_棉花非标仓单业务方案研究\2021上期所“境内交割+境外提货”与中华棉非标方案比较的报告.docx,[WinError 3] 系统找不到指定的路径。,关于上期所“境内交割+境外提货”与中华棉非标方案比较的报告
D:\BaiduSyncdisk\【郑商所课题】历年归档\【结项归档】2021_中华棉_棉花非标仓单业务方案研究\2021与中华棉花集团有限公司合作开展场外非标仓单业务课题研究的请示(1).docx,[WinError 3] 系统找不到指定的路径。,关于与中华棉花集团有限公司合作开展场外非标仓单业务课题研究的请示
D:\BaiduSyncdisk\【郑商所课题】历年归档\【结项归档】2021_中华棉_棉花非标仓单业务方案研究\2021与中华棉花集团有限公司合作开展场外非标仓单业务课题研究的请示.docx,[WinError 3] 系统找不到指定的路径。,关于与中华棉花集团有限公司合作开展场外非标仓单业务课题研究的请示
D:\BaiduSyncdisk\【郑商所课题】历年归档\【结项归档】2021_中华棉_棉花非标仓单业务方案研究\2021与中华棉花集团有限公司合作开展非标仓单业务课题研究的请示.docx,[WinError 3] 系统找不到指定的路径。,关于与中华棉花集团有限公司合作开展非标仓单业务课题研究的请示
D:\BaiduSyncdisk\【郑商所课题】历年归档\【结项归档】2021_中华棉_棉花非标仓单业务方案研究\2021中华棉对接需求.docx,[WinError 3] 系统找不到指定的路径。,中华棉对接需求
D:\BaiduSyncdisk\【郑商所课题】历年归档\【结项归档】2021_中华棉_棉花非标仓单业务方案研究\2021人民法院报2021年2月25日第005版.pdf,未命中规则,人民法院报/2021 年/2 月/25 日/第 005 版
D:\BaiduSyncdisk\【郑商所课题】历年归档\【结项归档】2021_中华棉_棉花非标仓单业务方案研究\2021人民法院报2021年2月25日第005版.pdf,[WinError 3] 系统找不到指定的路径。,人民法院报/2021 年/2 月/25 日/第 005 版
D:\BaiduSyncdisk\【郑商所课题】历年归档\【结项归档】2021_中华棉_棉花非标仓单业务方案研究\2021动产和权利担保统一登记办法.docx,[WinError 3] 系统找不到指定的路径。,动产和权利担保统一登记办法
D:\BaiduSyncdisk\【郑商所课题】历年归档\【结项归档】2021_中华棉_棉花非标仓单业务方案研究\2021动产融资登记理念研究.docx,未命中规则,动产融资登记理念研究
D:\BaiduSyncdisk\【郑商所课题】历年归档\【结项归档】2021_中华棉_棉花非标仓单业务方案研究\2021动产融资登记理念研究.docx,[WinError 3] 系统找不到指定的路径。,动产融资登记理念研究
D:\BaiduSyncdisk\【郑商所课题】历年归档\【结项归档】2021_中华棉_棉花非标仓单业务方案研究\2021合作研究课题.docx,未命中规则,合作研究课题
D:\BaiduSyncdisk\【郑商所课题】历年归档\【结项归档】2021_中华棉_棉花非标仓单业务方案研究\2021合作研究课题.docx,[WinError 3] 系统找不到指定的路径。,合作研究课题
D:\BaiduSyncdisk\【郑商所课题】历年归档\【结项归档】2021_中华棉_棉花非标仓单业务方案研究\2021商品棉入库流程.pdf,未命中规则,商品棉入库流程
D:\BaiduSyncdisk\【郑商所课题】历年归档\【结项归档】2021_中华棉_棉花非标仓单业务方案研究\2021商品棉入库流程.pdf,[WinError 3] 系统找不到指定的路径。,商品棉入库流程
D:\BaiduSyncdisk\【郑商所课题】历年归档\【结项归档】2021_中华棉_棉花非标仓单业务方案研究\2021商品棉出库流程.pdf,未命中规则,商品棉出库流程
D:\BaiduSyncdisk\【郑商所课题】历年归档\【结项归档】2021_中华棉_棉花非标仓单业务方案研究\2021商品棉出库流程.pdf,[WinError 3] 系统找不到指定的路径。,商品棉出库流程
D:\BaiduSyncdisk\【郑商所课题】历年归档\【结项归档】2021_中华棉_棉花非标仓单业务方案研究\2021国际干散货航运市场研究报告.docx,[WinError 3] 系统找不到指定的路径。,国际干散货航运市场研究报告
D:\BaiduSyncdisk\【郑商所课题】历年归档\【结项归档】2021_中华棉_棉花非标仓单业务方案研究\2021推进开展棉花非标仓单场外业务(1).docx,[WinError 3] 系统找不到指定的路径。,关于推进开展棉花非标仓单场外业务
D:\BaiduSyncdisk\【郑商所课题】历年归档\【结项归档】2021_中华棉_棉花非标仓单业务方案研究\2021推进开展棉花非标仓单场外业务(2).docx,[WinError 3] 系统找不到指定的路径。,关于推进开展棉花非标仓单场外业务
D:\BaiduSyncdisk\【郑商所课题】历年归档\【结项归档】2021_中华棉_棉花非标仓单业务方案研究\2021推进开展棉花非标仓单场外业务.docx,[WinError 3] 系统找不到指定的路径。,关于推进开展棉花非标仓单场外业务
D:\BaiduSyncdisk\【郑商所课题】历年归档\【结项归档】2021_中华棉_棉花非标仓单业务方案研究\2021推进棉花非标仓单业务可行性研究方案.docx,未命中规则,关于推进棉花非标仓单业务可行性研究方案
D:\BaiduSyncdisk\【郑商所课题】历年归档\【结项归档】2021_中华棉_棉花非标仓单业务方案研究\2021推进棉花非标仓单业务可行性研究方案.docx,[WinError 3] 系统找不到指定的路径。,关于推进棉花非标仓单业务可行性研究方案
D:\BaiduSyncdisk\【郑商所课题】历年归档\【结项归档】2021_中华棉_棉花非标仓单业务方案研究\2021棉花产业发展及现状(1).docx,未命中规则,关于棉花产业发展及现状
D:\BaiduSyncdisk\【郑商所课题】历年归档\【结项归档】2021_中华棉_棉花非标仓单业务方案研究\2021棉花产业发展及现状(1).docx,[WinError 3] 系统找不到指定的路径。,关于棉花产业发展及现状
D:\BaiduSyncdisk\【郑商所课题】历年归档\【结项归档】2021_中华棉_棉花非标仓单业务方案研究\2021棉花产业发展及现状(2).docx,未命中规则,关于棉花产业发展及现状
D:\BaiduSyncdisk\【郑商所课题】历年归档\【结项归档】2021_中华棉_棉花非标仓单业务方案研究\2021棉花产业发展及现状(2).docx,[WinError 3] 系统找不到指定的路径。,关于棉花产业发展及现状
D:\BaiduSyncdisk\【郑商所课题】历年归档\【结项归档】2021_中华棉_棉花非标仓单业务方案研究\2021棉花产业发展及现状.docx,未命中规则,关于棉花产业发展及现状
D:\BaiduSyncdisk\【郑商所课题】历年归档\【结项归档】2021_中华棉_棉花非标仓单业务方案研究\2021棉花产业发展及现状.docx,[WinError 3] 系统找不到指定的路径。,关于棉花产业发展及现状
D:\BaiduSyncdisk\【郑商所课题】历年归档\【结项归档】2021_中华棉_棉花非标仓单业务方案研究\2021棉花产业发展及现状.pdf,未命中规则,关于棉花产业发展及现状
D:\BaiduSyncdisk\【郑商所课题】历年归档\【结项归档】2021_中华棉_棉花非标仓单业务方案研究\2021棉花产业发展及现状.pdf,[WinError 3] 系统找不到指定的路径。,关于棉花产业发展及现状
D:\BaiduSyncdisk\【郑商所课题】历年归档\【结项归档】2021_中华棉_棉花非标仓单业务方案研究\2021棉花仓单数量能有效预测后市吗(1).docx,未命中规则,棉花仓单数量能有效预测后市吗
D:\BaiduSyncdisk\【郑商所课题】历年归档\【结项归档】2021_中华棉_棉花非标仓单业务方案研究\2021棉花仓单数量能有效预测后市吗(1).docx,[WinError 3] 系统找不到指定的路径。,棉花仓单数量能有效预测后市吗
D:\BaiduSyncdisk\【郑商所课题】历年归档\【结项归档】2021_中华棉_棉花非标仓单业务方案研究\2021棉花仓单数量能有效预测后市吗.docx,未命中规则,棉花仓单数量能有效预测后市吗
D:\BaiduSyncdisk\【郑商所课题】历年归档\【结项归档】2021_中华棉_棉花非标仓单业务方案研究\2021棉花仓单数量能有效预测后市吗.docx,[WinError 3] 系统找不到指定的路径。,棉花仓单数量能有效预测后市吗
D:\BaiduSyncdisk\【郑商所课题】历年归档\【结项归档】2021_中华棉_棉花非标仓单业务方案研究\2021棉花期货合约.pdf,未命中规则,帆化期货合约
D:\BaiduSyncdisk\【郑商所课题】历年归档\【结项归档】2021_中华棉_棉花非标仓单业务方案研究\2021棉花期货合约.pdf,[WinError 3] 系统找不到指定的路径。,帆化期货合约
D:\BaiduSyncdisk\【郑商所课题】历年归档\【结项归档】2021_中华棉_棉花非标仓单业务方案研究\2021棉花非标仓单业务方案研究.docx,未命中规则,棉花非标仓单业务方案研究
D:\BaiduSyncdisk\【郑商所课题】历年归档\【结项归档】2021_中华棉_棉花非标仓单业务方案研究\2021棉花非标仓单业务方案研究.docx,[WinError 3] 系统找不到指定的路径。,棉花非标仓单业务方案研究
D:\BaiduSyncdisk\【郑商所课题】历年归档\【结项归档】2021_中华棉_棉花非标仓单业务方案研究\2021棉花非标仓单业务研讨会的会议纪要.docx,[WinError 3] 系统找不到指定的路径。,棉花非标仓单业务研讨会的会议纪要
D:\BaiduSyncdisk\【郑商所课题】历年归档\【结项归档】2021_中华棉_棉花非标仓单业务方案研究\2021棉花非标仓单业务研讨会议纪要.docx,[WinError 3] 系统找不到指定的路径。,棉花非标仓单业务研讨会议纪要
D:\BaiduSyncdisk\【郑商所课题】历年归档\【结项归档】2021_中华棉_棉花非标仓单业务方案研究\2021棉花非标仓单业务研讨会议纪要.pdf,[WinError 3] 系统找不到指定的路径。,棉花非标仓单业务研讨会议纪要
D:\BaiduSyncdisk\【郑商所课题】历年归档\【结项归档】2021_中华棉_棉花非标仓单业务方案研究\2021第一章总则.pdf,未命中规则,第一章 总 则
D:\BaiduSyncdisk\【郑商所课题】历年归档\【结项归档】2021_中华棉_棉花非标仓单业务方案研究\2021第一章总则.pdf,[WinError 3] 系统找不到指定的路径。,第一章 总 则
D:\BaiduSyncdisk\【郑商所课题】历年归档\【结项归档】2021_中华棉_棉花非标仓单业务方案研究\2021综合业务平台非标仓单业务的研究.docx,[WinError 3] 系统找不到指定的路径。,关于综合业务平台非标仓单业务的研究
D:\BaiduSyncdisk\【郑商所课题】历年归档\【结项归档】2021_中华棉_棉花非标仓单业务方案研究\2021课题研究报告.docx,[WinError 3] 系统找不到指定的路径。,课题研究报告
D:\BaiduSyncdisk\【郑商所课题】历年归档\【结项归档】2021_中华棉_棉花非标仓单业务方案研究\2021选锋同志：.docx,[WinError 3] 系统找不到指定的路径。,选锋同志：
D:\BaiduSyncdisk\【郑商所课题】历年归档\【结项归档】2021_中华棉_棉花非标仓单业务方案研究\2021郑商所场外非标业务方案（棉花）(1).docx,未命中规则,郑商所场外非标业务方案（棉花）
D:\BaiduSyncdisk\【郑商所课题】历年归档\【结项归档】2021_中华棉_棉花非标仓单业务方案研究\2021郑商所场外非标业务方案（棉花）(1).docx,[WinError 3] 系统找不到指定的路径。,郑商所场外非标业务方案（棉花）
D:\BaiduSyncdisk\【郑商所课题】历年归档\【结项归档】2021_中华棉_棉花非标仓单业务方案研究\2021郑商所场外非标业务方案（棉花）(2).docx,未命中规则,郑商所场外非标业务方案（棉花）
D:\BaiduSyncdisk\【郑商所课题】历年归档\【结项归档】2021_中华棉_棉花非标仓单业务方案研究\2021郑商所场外非标业务方案（棉花）(2).docx,[WinError 3] 系统找不到指定的路径。,郑商所场外非标业务方案（棉花）
D:\BaiduSyncdisk\【郑商所课题】历年归档\【结项归档】2021_中华棉_棉花非标仓单业务方案研究\2021郑商所场外非标业务方案（棉花）.docx,未命中规则,郑商所场外非标业务方案（棉花）
D:\BaiduSyncdisk\【郑商所课题】历年归档\【结项归档】2021_中华棉_棉花非标仓单业务方案研究\2021郑商所场外非标业务方案（棉花）.docx,[WinError 3] 系统找不到指定的路径。,郑商所场外非标业务方案（棉花）
D:\BaiduSyncdisk\【郑商所课题】历年归档\【结项归档】2021_中华棉_棉花非标仓单业务方案研究\2021郑州商品交易所.pdf,未命中规则,郑州商品交易所
D:\BaiduSyncdisk\【郑商所课题】历年归档\【结项归档】2021_中华棉_棉花非标仓单业务方案研究\2021郑州商品交易所.pdf,[WinError 3] 系统找不到指定的路径。,郑州商品交易所
D:\BaiduSyncdisk\【郑商所课题】历年归档\【结项归档】2021_中华棉_棉花非标仓单业务方案研究\2021郑州商品交易所合作研究课题报告(1).docx,[WinError 3] 系统找不到指定的路径。,郑州商品交易所合作研究课题报告
D:\BaiduSyncdisk\【郑商所课题】历年归档\【结项归档】2021_中华棉_棉花非标仓单业务方案研究\2021郑州商品交易所合作研究课题报告(2).docx,[WinError 3] 系统找不到指定的路径。,郑州商品交易所合作研究课题报告
D:\BaiduSyncdisk\【郑商所课题】历年归档\【结项归档】2021_中华棉_棉花非标仓单业务方案研究\2021郑州商品交易所合作研究课题报告(3).docx,[WinError 3] 系统找不到指定的路径。,郑州商品交易所合作研究课题报告
D:\BaiduSyncdisk\【郑商所课题】历年归档\【结项归档】2021_中华棉_棉花非标仓单业务方案研究\2021郑州商品交易所合作研究课题报告(4).docx,[WinError 3] 系统找不到指定的路径。,郑州商品交易所合作研究课题报告
D:\BaiduSyncdisk\【郑商所课题】历年归档\【结项归档】2021_中华棉_棉花非标仓单业务方案研究\2021郑州商品交易所合作研究课题报告(5).docx,[WinError 3] 系统找不到指定的路径。,郑州商品交易所合作研究课题报告
D:\BaiduSyncdisk\【郑商所课题】历年归档\【结项归档】2021_中华棉_棉花非标仓单业务方案研究\2021郑州商品交易所合作研究课题报告(6).docx,[WinError 3] 系统找不到指定的路径。,郑州商品交易所合作研究课题报告
D:\BaiduSyncdisk\【郑商所课题】历年归档\【结项归档】2021_中华棉_棉花非标仓单业务方案研究\2021郑州商品交易所合作研究课题报告.docx,[WinError 3] 系统找不到指定的路径。,郑州商品交易所合作研究课题报告
D:\BaiduSyncdisk\【郑商所课题】历年归档\【结项归档】2021_中华棉_棉花非标仓单业务方案研究\2021郑州商品交易所合作研究课题报告.pdf,[WinError 3] 系统找不到指定的路径。,郑州商品交易所合作研究课题报告
D:\BaiduSyncdisk\【郑商所课题】历年归档\【结项归档】2021_中华棉_棉花非标仓单业务方案研究\2021郑州商品交易所签报办理单.pdf,未命中规则,订
D:\BaiduSyncdisk\【郑商所课题】历年归档\【结项归档】2021_中华棉_棉花非标仓单业务方案研究\2021郑州商品交易所签报办理单.pdf,[WinError 3] 系统找不到指定的路径。,订
D:\BaiduSyncdisk\【郑商所课题】历年归档\【结项归档】2021_中华棉_棉花非标仓单业务方案研究\2021郑州商品交易所签报纸.docx,[WinError 3] 系统找不到指定的路径。,郑州商品交易所签报纸
D:\BaiduSyncdisk\【郑商所课题】历年归档\【结项归档】2021_中华棉_棉花非标仓单业务方案研究\2021郑州商品交易所综合业务平台中华棉仓单购销专区业务指引.docx,未命中规则,郑州商品交易所综合业务平台中华棉仓单购销专区业务指引
D:\BaiduSyncdisk\【郑商所课题】历年归档\【结项归档】2021_中华棉_棉花非标仓单业务方案研究\2021郑州商品交易所综合业务平台中华棉仓单购销专区业务指引.docx,[WinError 3] 系统找不到指定的路径。,郑州商品交易所综合业务平台中华棉仓单购销专区业务指引
D:\BaiduSyncdisk\【郑商所课题】历年归档\【结项归档】2021_中华棉_棉花非标仓单业务方案研究\2021长三角、江西温度期货课题答辩评审会.docx,未命中规则,长三角、江西温度期货课题答辩评审会
D:\BaiduSyncdisk\【郑商所课题】历年归档\【结项归档】2021_中华棉_棉花非标仓单业务方案研究\2021长三角、江西温度期货课题答辩评审会.docx,[WinError 3] 系统找不到指定的路径。,长三角、江西温度期货课题答辩评审会
D:\BaiduSyncdisk\【郑商所课题】历年归档\【结项归档】2021_中华棉_棉花非标仓单业务方案研究\2021附件(1).docx,未命中规则,附  件
D:\BaiduSyncdisk\【郑商所课题】历年归档\【结项归档】2021_中华棉_棉花非标仓单业务方案研究\2021附件(1).docx,[WinError 3] 系统找不到指定的路径。,附  件
D:\BaiduSyncdisk\【郑商所课题】历年归档\【结项归档】2021_中华棉_棉花非标仓单业务方案研究\2021附件(2).docx,[WinError 3] 系统找不到指定的路径。,附件
D:\BaiduSyncdisk\【郑商所课题】历年归档\【结项归档】2021_中华棉_棉花非标仓单业务方案研究\2021附件.docx,未命中规则,附  件
D:\BaiduSyncdisk\【郑商所课题】历年归档\【结项归档】2021_中华棉_棉花非标仓单业务方案研究\2021附件.docx,[WinError 3] 系统找不到指定的路径。,附  件
D:\BaiduSyncdisk\【郑商所课题】历年归档\【结项归档】2021_中华棉_棉花非标仓单业务方案研究\2021附件1.docx,未命中规则,附件1
D:\BaiduSyncdisk\【郑商所课题】历年归档\【结项归档】2021_中华棉_棉花非标仓单业务方案研究\2021附件1.docx,[WinError 3] 系统找不到指定的路径。,附件1
D:\BaiduSyncdisk\【郑商所课题】历年归档\【结项归档】2021_中华棉_棉花非标仓单业务方案研究\2021附件2：.pdf,未命中规则,附件 2:
D:\BaiduSyncdisk\【郑商所课题】历年归档\【结项归档】2021_中华棉_棉花非标仓单业务方案研究\2021附件2：.pdf,[WinError 3] 系统找不到指定的路径。,附件 2:
D:\BaiduSyncdisk\【郑商所课题】历年归档\【结项归档】2021_中华棉_棉花非标仓单业务方案研究\2021非标准棉花仓单业务的研究(1).docx,[WinError 3] 系统找不到指定的路径。,非标准棉花仓单业务的研究
D:\BaiduSyncdisk\【郑商所课题】历年归档\【结项归档】2021_中华棉_棉花非标仓单业务方案研究\2021非标准棉花仓单业务的研究.docx,[WinError 3] 系统找不到指定的路径。,非标准棉花仓单业务的研究
D:\BaiduSyncdisk\【郑商所课题】历年归档\【结项归档】2021_中华棉_棉花非标仓单业务方案研究\archive_report.csv,未命中规则,未命名
D:\BaiduSyncdisk\【郑商所课题】历年归档\【结项归档】2021_中华棉_棉花非标仓单业务方案研究\archive_report.csv,[WinError 3] 系统找不到指定的路径。,未命名
D:\BaiduSyncdisk\【郑商所课题】历年归档\【结项归档】2021_中华棉_棉花非标仓单业务方案研究\rename_report.csv,未命中规则,未命名
D:\BaiduSyncdisk\【郑商所课题】历年归档\【结项归档】2021_中华棉_棉花非标仓单业务方案研究\rename_report.csv,[WinError 3] 系统找不到指定的路径。,未命名
D:\BaiduSyncdisk\【郑商所课题】历年归档\【结项归档】2021_中华棉_棉花非标仓单业务方案研究\中华棉花集团课题.zip,未命中规则,未命名
D:\BaiduSyncdisk\【郑商所课题】历年归档\【结项归档】2021_中华棉_棉花非标仓单业务方案研究\中华棉花集团课题.zip,[WinError 3] 系统找不到指定的路径。,未命名
D:\BaiduSyncdisk\【郑商所课题】历年归档\【结项归档】2021_中华棉_棉花非标仓单业务方案研究\中棉集团山东物流园棉花出入库实施细则.docx,未命中规则,中棉集团山东物流园棉花出入库实施细则
D:\BaiduSyncdisk\【郑商所课题】历年归档\【结项归档】2021_中华棉_棉花非标仓单业务方案研究\中棉集团山东物流园棉花出入库实施细则.docx,[WinError 3] 系统找不到指定的路径。,中棉集团山东物流园棉花出入库实施细则
D:\BaiduSyncdisk\【郑商所课题】历年归档\【结项归档】2021_中华棉_棉花非标仓单业务方案研究\数据.xlsx,[WinError 3] 系统找不到指定的路径。,数据
D:\BaiduSyncdisk\【郑商所课题】历年归档\【结项归档】2021_中华棉_棉花非标仓单业务方案研究\中华棉非标业务资料\【作业重心】郑州商品交易所非标仓单业务管理办法（试行）.docx,未命中规则,郑州商品交易所非标准仓单管理办法
D:\BaiduSyncdisk\【郑商所课题】历年归档\【结项归档】2021_中华棉_棉花非标仓单业务方案研究\中华棉非标业务资料\【作业重心】郑州商品交易所非标仓单业务管理办法（试行）.docx,[WinError 3] 系统找不到指定的路径。,郑州商品交易所非标准仓单管理办法
D:\BaiduSyncdisk\【郑商所课题】历年归档\【结项归档】2021_中华棉_棉花非标仓单业务方案研究\中华棉非标业务资料\【申请部门填写】关于与中华棉花集团有限公司合作开展场外非标仓单业务课题.zip,未命中规则,未命名
D:\BaiduSyncdisk\【郑商所课题】历年归档\【结项归档】2021_中华棉_棉花非标仓单业务方案研究\中华棉非标业务资料\【申请部门填写】关于与中华棉花集团有限公司合作开展场外非标仓单业务课题.zip,[WinError 3] 系统找不到指定的路径。,未命名
D:\BaiduSyncdisk\【郑商所课题】历年归档\【结项归档】2021_中华棉_棉花非标仓单业务方案研究\中华棉非标业务资料\中华棉账号.docx,[WinError 3] 系统找不到指定的路径。,郑州商品交易所与中华棉花集团有限公司关于《棉花非标仓单业务方案研究》的合作协议
D:\BaiduSyncdisk\【郑商所课题】历年归档\【结项归档】2021_中华棉_棉花非标仓单业务方案研究\中华棉非标业务资料\场外非标仓单业务可行性汇报-0305.pptx,未命中规则,守正创新  行稳致远
D:\BaiduSyncdisk\【郑商所课题】历年归档\【结项归档】2021_中华棉_棉花非标仓单业务方案研究\中华棉非标业务资料\场外非标仓单业务可行性汇报-0305.pptx,[WinError 3] 系统找不到指定的路径。,守正创新  行稳致远
D:\BaiduSyncdisk\【郑商所课题】历年归档\【结项归档】2021_中华棉_棉花非标仓单业务方案研究\中华棉非标业务资料\大连商品交易所非标仓单业务管理办法（试行）.docx,未命中规则,大连商品交易所非标仓单业务管理办法
D:\BaiduSyncdisk\【郑商所课题】历年归档\【结项归档】2021_中华棉_棉花非标仓单业务方案研究\中华棉非标业务资料\大连商品交易所非标仓单业务管理办法（试行）.docx,[WinError 3] 系统找不到指定的路径。,大连商品交易所非标仓单业务管理办法
D:\BaiduSyncdisk\【郑商所课题】历年归档\【结项归档】2021_中华棉_棉花非标仓单业务方案研究\中华棉非标业务资料\期转现.vsdx,[WinError 3] 系统找不到指定的路径。,期转现
D:\BaiduSyncdisk\【郑商所课题】历年归档\【结项归档】2021_中华棉_棉花非标仓单业务方案研究\中华棉非标业务资料\现货仓单流通试点.zip,未命中规则,未命名
D:\BaiduSyncdisk\【郑商所课题】历年归档\【结项归档】2021_中华棉_棉花非标仓单业务方案研究\中华棉非标业务资料\现货仓单流通试点.zip,[WinError 3] 系统找不到指定的路径。,未命名
D:\BaiduSyncdisk\【郑商所课题】历年归档\【结项归档】2021_中华棉_棉花非标仓单业务方案研究\中华棉非标业务资料\相关数据.xlsx,[WinError 3] 系统找不到指定的路径。,相关数据
D:\BaiduSyncdisk\【郑商所课题】历年归档\【结项归档】2021_中华棉_棉花非标仓单业务方案研究\中华棉非标业务资料\绘图1 - 副本.vsdx,[WinError 3] 系统找不到指定的路径。,绘图1 - 副本
D:\BaiduSyncdisk\【郑商所课题】历年归档\【结项归档】2021_中华棉_棉花非标仓单业务方案研究\中华棉非标业务资料\绘图1.vsdx,[WinError 3] 系统找不到指定的路径。,绘图1
D:\BaiduSyncdisk\【郑商所课题】历年归档\【结项归档】2021_中华棉_棉花非标仓单业务方案研究\中华棉非标业务资料\非标仓单.vsdx,[WinError 3] 系统找不到指定的路径。,非标仓单
D:\BaiduSyncdisk\【郑商所课题】历年归档\【结项归档】2021_中华棉_棉花非标仓单业务方案研究\归档后的结果\未识别\20201211_大连商品交易所非标仓单业务管理办法.pdf,未命中规则,大连商品交易所非标仓单业务管理办法
D:\BaiduSyncdisk\【郑商所课题】历年归档\【结项归档】2021_中华棉_棉花非标仓单业务方案研究\归档后的结果\未识别\20201211_大连商品交易所非标仓单业务管理办法.pdf,[WinError 3] 系统找不到指定的路径。,大连商品交易所非标仓单业务管理办法
D:\BaiduSyncdisk\【郑商所课题】历年归档\【结项归档】2021_中华棉_棉花非标仓单业务方案研究\归档后的结果\未识别\20201211大连商品交易所非标仓单业务管理办法.pdf,未命中规则,大连商品交易所非标仓单业务管理办法
D:\BaiduSyncdisk\【郑商所课题】历年归档\【结项归档】2021_中华棉_棉花非标仓单业务方案研究\归档后的结果\未识别\20201211大连商品交易所非标仓单业务管理办法.pdf,[WinError 3] 系统找不到指定的路径。,大连商品交易所非标仓单业务管理办法
D:\BaiduSyncdisk\【郑商所课题】历年归档\【结项归档】2021_中华棉_棉花非标仓单业务方案研究\棉花非标仓单业务方案研究\20100320全国棉花交易市场商品棉仓单管理办法.docx,未命中规则,全国棉花交易市场商品棉仓单管理办法
D:\BaiduSyncdisk\【郑商所课题】历年归档\【结项归档】2021_中华棉_棉花非标仓单业务方案研究\棉花非标仓单业务方案研究\20100320全国棉花交易市场商品棉仓单管理办法.docx,[WinError 3] 系统找不到指定的路径。,全国棉花交易市场商品棉仓单管理办法
D:\BaiduSyncdisk\【郑商所课题】历年归档\【结项归档】2021_中华棉_棉花非标仓单业务方案研究\棉花非标仓单业务方案研究\仓单材料.rar,未命中规则,未命名
D:\BaiduSyncdisk\【郑商所课题】历年归档\【结项归档】2021_中华棉_棉花非标仓单业务方案研究\棉花非标仓单业务方案研究\仓单材料.rar,[WinError 3] 系统找不到指定的路径。,未命名
D:\BaiduSyncdisk\【郑商所课题】历年归档\【结项归档】2021_中华棉_棉花非标仓单业务方案研究\棉花非标仓单业务方案研究\全国棉花交易市场仓单质押管理办法.docx,[WinError 3] 系统找不到指定的路径。,全国棉花交易市场仓单质押管理办法
D:\BaiduSyncdisk\【郑商所课题】历年归档\【结项归档】2021_中华棉_棉花非标仓单业务方案研究\棉花非标仓单业务方案研究\场外非标仓单业务可行性汇报-终稿汇报版-0305.pptx,未命中规则,守正创新  行稳致远
D:\BaiduSyncdisk\【郑商所课题】历年归档\【结项归档】2021_中华棉_棉花非标仓单业务方案研究\棉花非标仓单业务方案研究\场外非标仓单业务可行性汇报-终稿汇报版-0305.pptx,[WinError 3] 系统找不到指定的路径。,守正创新  行稳致远
D:\BaiduSyncdisk\【郑商所课题】历年归档\【结项归档】2021_中华棉_棉花非标仓单业务方案研究\棉花非标仓单业务方案研究\绘图1.vsdx,[WinError 3] 系统找不到指定的路径。,绘图1
D:\BaiduSyncdisk\【郑商所课题】历年归档\【结项归档】2021_中华棉_棉花非标仓单业务方案研究\棉花非标仓单业务方案研究\郑商所棉花企业服务手册.docx,未命中规则,目录
D:\BaiduSyncdisk\【郑商所课题】历年归档\【结项归档】2021_中华棉_棉花非标仓单业务方案研究\棉花非标仓单业务方案研究\郑商所棉花企业服务手册.docx,[WinError 3] 系统找不到指定的路径。,目录
D:\BaiduSyncdisk\【郑商所课题】历年归档\【结项归档】2021_中华棉_棉花非标仓单业务方案研究\棉花非标仓单业务方案研究\郑州商品交易所棉花期货仓单业务介绍.pptx,未命中规则,期货仓单业务介绍
D:\BaiduSyncdisk\【郑商所课题】历年归档\【结项归档】2021_中华棉_棉花非标仓单业务方案研究\棉花非标仓单业务方案研究\郑州商品交易所棉花期货仓单业务介绍.pptx,[WinError 3] 系统找不到指定的路径。,期货仓单业务介绍
D:\BaiduSyncdisk\【郑商所课题】历年归档\【结项归档】2021_中华棉_棉花非标仓单业务方案研究\棉花非标仓单业务方案研究\（未结项）棉花非标仓单业务方案研究.zip,未命中规则,未命名
D:\BaiduSyncdisk\【郑商所课题】历年归档\【结项归档】2021_中华棉_棉花非标仓单业务方案研究\棉花非标仓单业务方案研究\（未结项）棉花非标仓单业务方案研究.zip,[WinError 3] 系统找不到指定的路径。,未命名
D:\BaiduSyncdisk\【郑商所课题】历年归档\【结项归档】2021_中华棉_棉花非标仓单业务方案研究\棉花非标仓单业务方案研究\仓单材料\20100320全国棉花交易市场商品棉仓单管理办法.docx,未命中规则,全国棉花交易市场商品棉仓单管理办法
D:\BaiduSyncdisk\【郑商所课题】历年归档\【结项归档】2021_中华棉_棉花非标仓单业务方案研究\棉花非标仓单业务方案研究\仓单材料\20100320全国棉花交易市场商品棉仓单管理办法.docx,[WinError 3] 系统找不到指定的路径。,全国棉花交易市场商品棉仓单管理办法
D:\BaiduSyncdisk\【郑商所课题】历年归档\【结项归档】2021_中华棉_棉花非标仓单业务方案研究\棉花非标仓单业务方案研究\仓单材料\全国棉花交易市场仓单质押管理办法.docx,[WinError 3] 系统找不到指定的路径。,全国棉花交易市场仓单质押管理办法
D:\BaiduSyncdisk\【郑商所课题】历年归档\【结项归档】2021_中华棉_棉花非标仓单业务方案研究\棉花非标仓单业务方案研究\仓单材料\场外非标仓单业务可行性汇报-终稿汇报版-0305.pptx,未命中规则,守正创新  行稳致远
D:\BaiduSyncdisk\【郑商所课题】历年归档\【结项归档】2021_中华棉_棉花非标仓单业务方案研究\棉花非标仓单业务方案研究\仓单材料\场外非标仓单业务可行性汇报-终稿汇报版-0305.pptx,[WinError 3] 系统找不到指定的路径。,守正创新  行稳致远
D:\BaiduSyncdisk\【郑商所课题】历年归档\【结项归档】2021_中华棉_棉花非标仓单业务方案研究\棉花非标仓单业务方案研究\仓单材料\郑商所棉花企业服务手册.docx,未命中规则,目录
D:\BaiduSyncdisk\【郑商所课题】历年归档\【结项归档】2021_中华棉_棉花非标仓单业务方案研究\棉花非标仓单业务方案研究\仓单材料\郑商所棉花企业服务手册.docx,[WinError 3] 系统找不到指定的路径。,目录
D:\BaiduSyncdisk\【郑商所课题】历年归档\【结项归档】2021_中华棉_棉花非标仓单业务方案研究\棉花非标仓单业务方案研究\仓单材料\郑州商品交易所棉花期货仓单业务介绍.pptx,未命中规则,期货仓单业务介绍
D:\BaiduSyncdisk\【郑商所课题】历年归档\【结项归档】2021_中华棉_棉花非标仓单业务方案研究\棉花非标仓单业务方案研究\仓单材料\郑州商品交易所棉花期货仓单业务介绍.pptx,[WinError 3] 系统找不到指定的路径。,期货仓单业务介绍
D:\BaiduSyncdisk\【郑商所课题】历年归档\【结项归档】2021_中华棉_棉花非标仓单业务方案研究\棉花非标仓单业务方案研究\阶段性研究成果\场外非标仓单业务可行性汇报.pptx,未命中规则,守正创新  行稳致远
D:\BaiduSyncdisk\【郑商所课题】历年归档\【结项归档】2021_中华棉_棉花非标仓单业务方案研究\棉花非标仓单业务方案研究\阶段性研究成果\场外非标仓单业务可行性汇报.pptx,[WinError 3] 系统找不到指定的路径。,守正创新  行稳致远
